小林（聡）研,中嶋 俊文,古川 亮,塩野 和仁,吉田 誠,柳 大治
安田研,阪本 明宏,藤原 健彦,江尻 里恵,志賀 有紀子
棟方研,緒方 千鶴子,由本 美紗子,中村 まり,浦田 哲史,角田 宏樹
永谷研,遠藤 桂子,友利 賢介,多田 麻美,鈴木 純,浅野 勤
大本研,西川 潤,冨塚 雄三,望月 規子,岡田 大輔
小林（和）研,橋本 俊郎,田村 克典,齋藤 弘幸,高橋 直正,篠原 和哉
奥田研,平柳 佳奈子,吉村 直和,中村 和美,林 将也,白鳥 美帆子
新實研,渡邊 有紀,古賀 桂一,北川 大地,井上 達史
秋山研,石井 剛,荻野 彩夏,佐藤 佳代,三上 雅人
蚊野研,加藤 裕二,井上 信明,中村 大,高野 啓子
河合研,荒木 恵莉,中川 貞徳,小西 正則,西本 ゆかり,新井 一成
林原研,古賀 勝,松本 秀朗,小笠原 光江,岡本 義之,久保 大介
吉村研,小川 直樹,木下 桂子,松村 亜由美,竹石 泰樹
水口研,荒井 昌宏,鈴木 歩,松井 あやの,安田 真世,笹野 八千代
荻原研,村上 ひとみ,立野 るり子,大田 智彰,宮崎 奈緒子
伊藤（慎）研,森 正和,佐藤 まどか,高橋 聡子,大野 武司
玉田研,岩佐 晃一,坂本 涼,安達 和枝,細野 和明
川村研,植田 智也,杉本 和美,倉田 正浩,砂川 明,市川 大地
井上研,佐倉 佑介,古澤 康二,岡 清一,池田 英明,田中 和明
宮森研,栗原 哲治,右近 早紀,高橋 八重子,鈴木 豊,潮田 一幸
赤岩研,竹中 智子,石渡 亨,渡井 祐子,酒井 修一,高野 圭佑
伊藤（浩）研,遠藤 友絵,上山 由香里,奥野 めぐみ,藤木 素子
瀬川研,水沼 正人,山本 淑子,野口 和幸,松原 健太,上田 淳
赤崎研,藤田 涼平,鈴木 啓介,森田 真和,小島 歩美
田中研,岩川 正和,牛島 はるか,友部 高志,保谷 浩
中島研,今中 裕平,松本 千春,梅田 伸也,平良 和宏,森島 裕介
青木研,大西 大地,山崎 耕司,森 あかね,戸田 はるか,平井 光平
荻野研,長島 貴弘,野添 良介,横山 孝一,杉野 和喜,長谷川 栄子
平井研,景山 和彦,荒田 圭一郎,増田 新,森田 良
