研究室名,ファイルパス
青木研,Lab_Score/Lab_Score_(青木研).csv
赤岩研,Lab_Score/Lab_Score_(赤岩研).csv
赤崎研,Lab_Score/Lab_Score_(赤崎研).csv
秋山研,Lab_Score/Lab_Score_(秋山研).csv
伊藤(慎)研,Lab_Score/Lab_Score_(伊藤(慎)研).csv
伊藤(浩)研,Lab_Score/Lab_Score_(伊藤(浩)研).csv
井上研,Lab_Score/Lab_Score_(井上研).csv
大本研,Lab_Score/Lab_Score_(大本研).csv
岡田研,Lab_Score/Lab_Score_(岡田研).csv
荻野研,Lab_Score/Lab_Score_(荻野研).csv
荻原研,Lab_Score/Lab_Score_(荻原研).csv
奥田研,Lab_Score/Lab_Score_(奥田研).csv
蚊野研,Lab_Score/Lab_Score_(蚊野研).csv
河合研,Lab_Score/Lab_Score_(河合研).csv
川村研,Lab_Score/Lab_Score_(川村研).csv
小林(和)研,Lab_Score/Lab_Score_(小林(和)研).csv
小林(聡)研,Lab_Score/Lab_Score_(小林(聡)研).csv
瀬川研,Lab_Score/Lab_Score_(瀬川研).csv
田中研,Lab_Score/Lab_Score_(田中研).csv
玉田研,Lab_Score/Lab_Score_(玉田研).csv
中島研,Lab_Score/Lab_Score_(中島研).csv
